metric,prefix,N,MAD_anchor,MAD_arecho,MAD_anchor_CI_low,MAD_anchor_CI_high,MAD_arecho_CI_low,MAD_arecho_CI_high,mean_anchor,mean_arecho,std_anchor,std_arecho,p_value,cohen_d
dns_overall,2,94,0.2755521702211433,0.388521226133394,0.2224735580762775,0.3316636495701737,0.31895455486298363,0.45995799168297274,-0.16361452553953923,-0.26585435343093605,0.3566912781848816,0.4604765071409729,0.007301981001894334,0.28292937507971655
dns_overall,4,89,0.22957460065443888,0.23278315104661837,0.18976237259339482,0.2736640968763719,0.19582300608558692,0.2705586730286069,-0.03790937053205835,-0.07243932102616633,0.3106815848364417,0.2911055978886456,0.18833470478283346,0.14053533666216023
dns_overall,6,74,0.2600873933765844,0.1970220603860722,0.20663879590960324,0.3158907666233863,0.15596626679206319,0.23798481901962598,-0.023932986269263695,-0.015123914696309753,0.3557628504243501,0.26774834414975374,0.7548441341059159,-0.036436062040825334
dns_overall,8,49,0.23279811680716248,0.1894951101116408,0.17550983286236713,0.30204268567534415,0.14108798393142344,0.23642946078082105,-0.036720662656402024,-0.04589022003047077,0.3235258983552954,0.25243238052796085,0.7983849882916938,0.036694230122573945
dns_p808,2,94,0.29700281878144347,0.29521402396534807,0.24784003203354513,0.34789429117011,0.24596924685615962,0.34997532387875,-0.10611481811412947,-0.18642741733561788,0.36721518975466416,0.3439258568306327,0.0002716936325650398,0.39042856967409617
dns_p808,4,89,0.2075903955755408,0.18162133756524565,0.1692139726141062,0.2483876383598839,0.14821977449743157,0.22117464865129738,0.046128223650367464,0.03866981795686097,0.27573754392216104,0.2476681228071894,0.6929148220256136,0.04199736341736703
dns_p808,6,74,0.20559791200494543,0.182144299626648,0.16914680490166528,0.24719888420692018,0.14488352757591408,0.21971988783853913,0.09002250376035437,0.10369012374048778,0.2616683446283472,0.22560879803224448,0.4809569505561233,-0.08234906231931995
dns_p808,8,49,0.20479108056966586,0.17187096689404174,0.16264360608399742,0.25304803770249523,0.12817630168282884,0.22767292447617163,0.0403078943381063,0.08696889826512982,0.26747094532816285,0.22786341670352986,0.06979095420947433,-0.2649535496420831
utmos,2,94,0.3152144973292102,0.3711884291209921,0.24703469930650693,0.3863476114952543,0.2927436753979511,0.4550491435518075,-0.18158448553794296,-0.2778852352405994,0.44370288744223124,0.4630966270579815,0.01147642089135089,0.2660056373601567
utmos,4,89,0.17527442956722775,0.19438106542696323,0.13282715071558024,0.223009837852193,0.14994417721056216,0.24269683862848931,-0.06239178247827468,-0.10317606065501463,0.27528749391410584,0.275460144405699,0.1327220836550566,0.16085585557383053
utmos,6,74,0.18431097177836525,0.18543199193499613,0.1391946863930142,0.23224775466845962,0.1435818403491033,0.2286787714238638,-0.09296777449458475,-0.11273597694046253,0.2670958259600811,0.24970255854198695,0.4978732164872437,0.0791928845386558
utmos,8,49,0.17699360164518513,0.16620525640792966,0.12161125774125009,0.2337186341419658,0.11553260240410405,0.21924639296730988,-0.080193676085621,-0.1294026718541408,0.2546078629785403,0.21526969974031987,0.15240427875598145,0.20774008296846225
utmosv2,2,94,0.38684000340137964,0.5151919123612642,0.3323948431242677,0.447117946679741,0.44309097420173066,0.5904791102653423,-0.2726394913527208,-0.4601467031943821,0.40154868520262077,0.4316194610900949,1.7747213391294518e-07,0.582308294379304
utmosv2,4,89,0.2921649765427171,0.4066320871700045,0.24677449935559279,0.3434727052859647,0.3510412379402953,0.4658376967424837,-0.09446135100773537,-0.29979732455579416,0.366844463825005,0.39378077617487955,2.9614336941032562e-08,0.6449770737452838
utmosv2,6,74,0.3031589708925523,0.31980601472548204,0.25213955489448925,0.35967214734115915,0.2706437818674172,0.37667256904543767,-0.040673640487792484,-0.16662033815978078,0.3820867604515386,0.36188207439638354,0.00012625621221262244,0.47080006854780393
utmosv2,8,49,0.3200923926184856,0.3038699171795395,0.2549226868085691,0.3942874442169037,0.2452679124494799,0.3657184895780495,-0.04473791264108066,-0.15463894539881456,0.4065716048915627,0.35261768265814947,0.0050296401898745,0.42006424162805445
plcmos,2,94,0.596770318923705,0.6599277293346971,0.5122889974116923,0.6960363799189437,0.5448457347537456,0.7821697692157897,0.24589127040893344,-0.2191665916669819,0.7154575998989672,0.8681502043976348,3.1460321314880425e-11,0.7771046610899999
plcmos,4,89,0.5248042961443101,0.47442868336722055,0.4368802047696474,0.615337362800537,0.37638004809859166,0.5715493282759613,0.3034172027454571,-0.12346258137291116,0.6059453333205074,0.6708419432587287,4.461245250819634e-12,0.848857939784064
plcmos,6,74,0.5380532317825084,0.4605368404885035,0.44773133458505554,0.6435762073237252,0.36549030928051657,0.5587593854341563,0.2835540035305873,-0.07780658712353088,0.6229391592308471,0.6183210274259017,6.076607620900062e-08,0.7013694561573254
plcmos,8,49,0.5084459077998288,0.49356501105183237,0.41656965492978537,0.6154957637570644,0.3521959990264613,0.643041081543363,0.19541105786148377,-0.14022327570811904,0.6018642182398497,0.7017262114820373,0.0003060266035291785,0.5560301131477379
nisqa_mos_pred,2,94,0.5355403209245991,0.5629191861100292,0.4413210278272371,0.6272620119759896,0.4690167791154331,0.6615559286992997,-0.1265814030087932,-0.37858369928144636,0.7118918282932456,0.6390324059866608,3.0000736235324625e-05,0.4527354429708338
nisqa_mos_pred,4,89,0.4294555991034764,0.4716087162970721,0.35771120446763754,0.5051058284659959,0.383865679542307,0.5520458229767985,0.08005024421230388,-0.011407455607370196,0.5640038348974324,0.6211344005125851,0.08240863558979737,0.18623381857246893
nisqa_mos_pred,6,74,0.466712096612021,0.4851209663075446,0.3849288036832686,0.5485447535500565,0.40563807392711826,0.5685907341588783,0.044616610510502204,0.04148680199102189,0.5850636774098442,0.6097292341475989,0.9498671616099217,0.007334079406075418
nisqa_mos_pred,8,49,0.44130181120161294,0.39754833794843847,0.3370787200879078,0.5455842912244744,0.3101798264086416,0.4849633717456196,0.056221540888140714,0.10854723280389268,0.5734122914182139,0.5128593801292161,0.2524394731575639,-0.16548305633332885
nisqa_noi_pred,2,94,0.39478747048184853,0.36383606633660853,0.32204074879329464,0.4803241775138839,0.29005509432853105,0.44318714055657565,0.17658727212888523,0.03689663963603888,0.5386812871393812,0.5260611164953275,2.7095692524619343e-05,0.45549069475482157
nisqa_noi_pred,4,89,0.36452638702720486,0.31275635848519356,0.2932274350245169,0.4422122054862059,0.2448813469182749,0.38550194151540507,0.17543712205487913,0.1271628706572819,0.47297150424650014,0.4376213628756316,0.14116880982480448,0.15738905278041235
nisqa_noi_pred,6,74,0.319684447381598,0.3021852828988445,0.25661933516415736,0.39094227347310684,0.24042689208332294,0.3771451723892764,0.18327938599098928,0.10597112340090194,0.40382542306040575,0.41507510630331285,0.04440847130406658,0.23778599506733283
nisqa_noi_pred,8,49,0.3083955656992647,0.22833893239698425,0.238596735703057,0.392513240268534,0.17835794173614009,0.28109388420029,0.1325029247452534,0.08792943466335952,0.3916275350664352,0.2819896989332805,0.2809176683367917,0.15579208557438382
nisqa_dis_pred,2,94,1.2168446696742745,0.7345938885210928,0.9839344444505391,1.4556524341666708,0.6120015617850589,0.8694984499269913,-0.9023393284079663,-0.4101536953122272,1.4330001637103635,0.9036647713629944,0.0013492821102769074,-0.34090189864929143
nisqa_dis_pred,4,89,0.7863414737647969,0.6051418971759329,0.6144836320980921,0.9713379447022762,0.4872262149846143,0.7302326751970479,-0.26503299064334124,-0.042820243396288114,1.147877073624972,0.847402061206861,0.0707846195255415,-0.19387512615600452
nisqa_dis_pred,6,74,0.8289659433103236,0.554689414361705,0.6262333768707112,1.0568609916032796,0.43709939265243397,0.6789829809402624,-0.24299375627957734,-0.03511124529073066,1.2329272731549954,0.7834061754523101,0.11130630090233415,-0.18737575785656307
nisqa_dis_pred,8,49,0.5395559653005935,0.5042934703608046,0.3776811633571407,0.7084915784457142,0.3677892761097201,0.6601290154814692,-0.0684696853468627,-0.04065111513734196,0.8102505369957337,0.7413428419011437,0.8219069273612242,-0.032332653418767655
se_si_snr,2,94,5.859910066731261,7.476113314468116,4.302348469991225,7.818223872676679,5.133039530810461,10.325573164303727,0.14418262910340746,-4.133567231783274,10.446627760350234,13.866323740485358,0.0008926097134117556,0.3540967507877764
se_si_snr,4,89,4.661829405357614,4.155259819124307,3.5077956735241247,6.0629241387033215,2.849953462664245,5.638283483695056,1.9422481285673654,-1.6170248878526101,7.650115672285268,7.807621814869017,8.052157483559662e-06,0.5028162687338064
se_si_snr,6,74,5.413183900423435,5.068671184702842,3.813821279933167,7.146682793958481,3.379921653726013,7.111643453918152,2.3063319488238996,-1.3968506499722197,8.869393703950472,9.469588593294484,1.6163360944067848e-06,0.6068625359219412
se_si_snr,8,49,5.975664732544336,4.62625489693354,3.8974254878795827,8.400095533385217,2.7104704420293326,7.0788470128087475,-0.09441987786778851,-2.561469263067481,9.805650027146182,9.009367447082212,0.05432156081521521,0.2817935587093879
se_sdr,2,94,7.015712041111627,6.35895278267059,5.28926526681508,8.901601660871597,4.375248061209873,8.730441382824129,-0.3712299575450991,-2.847480373187767,11.680897453597195,12.087081230110453,0.02975255022081256,0.22766680749343213
se_sdr,4,89,5.517715772510999,4.594368201894429,3.9331169194202684,7.2247952654852945,3.1293011250177143,6.1527363505524955,2.3766207437822358,-1.0792913412367193,9.52772239883509,8.661707213999964,0.0015930940793258163,0.34538984946242096
se_sdr,6,74,5.605725817291464,5.054472639506715,3.968186340944418,7.355643098826565,3.633328218235762,6.829198099780791,2.814101344566325,-1.2349485817118926,8.929318811207496,8.851306770083061,0.00011633642203442393,0.4735250387348422
se_sdr,8,49,5.794796357877927,5.906952037411849,3.7270161468740284,8.165866223133785,3.7834719449634746,8.449065118623938,1.0993519968813958,-1.8554239660453151,9.815147114894927,10.32699771393603,0.040209462149218084,0.30125075780311217
asr_match_error_rate,2,30,0.08109164223503697,0.06237018104782236,0.020179398613945965,0.15049689417363166,0.021259131443187564,0.11571895743563579,-0.08109164223503697,-0.04775830890170364,0.19107828050679276,0.14692509054075314,0.32558198801619365,-0.1825741858350554
asr_match_error_rate,4,25,0.07247292093933425,0.07247292093933425,0.015232118908059047,0.15198172999443577,0.015198287352456576,0.15814847568047985,-0.07247292093933425,-0.07247292093933425,0.18501883431859836,0.18501883431859836,1.0,0.0
asr_match_error_rate,6,18,0.016455012912402138,0.016455012912402138,0.0024418398447659086,0.03335562707314381,0.002183592234458456,0.03498589554248715,-0.016455012912402138,-0.016455012912402138,0.035654303274569275,0.035654303274569275,1.0,0.0
asr_match_error_rate,8,9,0.01691490982968829,0.01691490982968829,0.0013071895424836444,0.04341715148297663,0.0013071895424836444,0.04382136272988027,-0.01691490982968829,-0.01691490982968829,0.03869359046047241,0.03869359046047241,1.0,0.0
speech_bert,2,68,0.04859099549278982,0.050820705778993565,0.03977522546266605,0.058302937084208244,0.040447541233262094,0.06241498270423841,-0.009802141958817257,-0.031165066728939986,0.06238108028271504,0.06072787567793225,0.0033444275959780318,0.3690114322267162
speech_bert,4,63,0.03379619390564632,0.03672766842790118,0.026273833407022443,0.04214096030408822,0.027757058260188015,0.04808862675628473,-0.0005136872368347532,-0.010951549880567103,0.04631874383966466,0.05593865025389758,0.12539982166870983,0.195719457399858
speech_bert,6,50,0.02991894130725931,0.02544469292862821,0.023344157047061012,0.03864974845137937,0.01845582759679554,0.03339675101697679,0.002612243996087823,-0.002706534024702047,0.04057802996615592,0.037863235479021026,0.4387864401379308,0.11039502386170588
speech_bert,8,29,0.026736027397717778,0.03120616848920119,0.018076437788068334,0.037168769333075606,0.02078239575529861,0.04319565551356247,-0.0014287683214610901,0.0018478178974664083,0.03811232235466217,0.04526644107908249,0.6661636994679501,-0.08096736835216949
spk_similarity,2,68,0.2355826272938528,0.1719294326783444,0.18976833717092792,0.28058738927699,0.13842939366028634,0.20849484214672573,-0.2118590708587768,-0.11238586114402127,0.22802862914901084,0.1987879596422116,0.00013051864969198534,-0.49243491314001253
spk_similarity,4,63,0.11225625431047571,0.13337416877723574,0.08856876970076397,0.1387149533977744,0.10550203180933458,0.1632393670835866,-0.013685804605834533,-0.01810099578586584,0.15258978882003044,0.17865012915273035,0.8000152895688326,0.03205354044497816
spk_similarity,6,50,0.10115527720861683,0.13177139627025586,0.07448468068062543,0.1292533665285909,0.10601226834146335,0.15975856873835137,-0.010234088058626911,0.004528240619937831,0.14385716942773155,0.1645034175291649,0.4612184027090841,-0.10503146993082531
spk_similarity,8,29,0.11757637243272884,0.12665155051895896,0.07985479271150964,0.15429733856317787,0.09314401142049974,0.16232698740930174,-0.013642534229003066,0.013265994582229329,0.15776812172727533,0.1620186754499449,0.3504777540539751,-0.17632243926375152
