metric,prefix,N,MAD_anchor,MAD_arecho,MAD_anchor_CI_low,MAD_anchor_CI_high,MAD_arecho_CI_low,MAD_arecho_CI_high,mean_anchor,mean_arecho,std_anchor,std_arecho,anchor_over_rate,anchor_under_rate,arecho_over_rate,arecho_under_rate,anchor_bias,arecho_bias,anchor_bias_CI_low,anchor_bias_CI_high,arecho_bias_CI_low,arecho_bias_CI_high,skew_anchor,skew_arecho,p_value,cohen_d
dns_overall,2,94,0.2755521702211433,0.388521226133394,0.2224735580762775,0.3316636495701737,0.31895455486298363,0.45995799168297274,-0.16361452553953923,-0.26585435343093605,0.3566912781848816,0.4604765071409729,0.3404255319148936,0.6595744680851063,0.30851063829787234,0.6914893617021277,-0.16361452553953923,-0.26585435343093605,-0.23543683136529836,-0.09423942997649766,-0.3572182459490888,-0.17748219893432773,-0.3191489361702127,-0.3829787234042554,0.007301981001894334,0.28292937507971655
dns_overall,4,89,0.22957460065443888,0.23278315104661837,0.18970361039127984,0.2774973489087878,0.19684251968961933,0.2716756258825233,-0.03790937053205835,-0.07243932102616633,0.3106815848364417,0.2911055978886456,0.47191011235955055,0.5280898876404494,0.449438202247191,0.550561797752809,-0.03790937053205835,-0.07243932102616633,-0.10354965063579195,0.02652407225346003,-0.1309459086558859,-0.01284269832864582,-0.05617977528089885,-0.101123595505618,0.18833470478283346,0.14053533666216023
dns_overall,6,74,0.2600873933765844,0.1970220603860722,0.20836036941137465,0.3203991450354075,0.15920297704238162,0.23754727916283344,-0.023932986269263695,-0.015123914696309753,0.3557628504243501,0.26774834414975374,0.4594594594594595,0.5405405405405406,0.47297297297297297,0.527027027027027,-0.023932986269263695,-0.015123914696309753,-0.10724152958227233,0.049899996741818976,-0.07251810156133742,0.046149384577691174,-0.08108108108108109,-0.054054054054054,0.7548441341059159,-0.036436062040825334
dns_overall,8,49,0.23279811680716248,0.1894951101116408,0.17250009811740222,0.2990991178215683,0.1441125739702499,0.2428987639080503,-0.036720662656402024,-0.04589022003047077,0.3235258983552954,0.25243238052796085,0.46938775510204084,0.5306122448979592,0.4489795918367347,0.5510204081632653,-0.036720662656402024,-0.04589022003047077,-0.1218390114385578,0.05046288138692668,-0.1195715143636767,0.023232474553191752,-0.06122448979591838,-0.10204081632653056,0.7983849882916938,0.036694230122573945
dns_p808,2,94,0.29700281878144347,0.29521402396534807,0.25276075061530023,0.34829300502946225,0.24420967568503082,0.3497335066307582,-0.10611481811412947,-0.18642741733561788,0.36721518975466416,0.3439258568306327,0.425531914893617,0.574468085106383,0.26595744680851063,0.7340425531914894,-0.10611481811412947,-0.18642741733561788,-0.17722668695068358,-0.03316039811731627,-0.25857285841844896,-0.12217162519166246,-0.148936170212766,-0.46808510638297873,0.0002716936325650398,0.39042856967409617
dns_p808,4,89,0.2075903955755408,0.18162133756524565,0.16925688966611807,0.24810497587399857,0.14670305848646117,0.21739017026426877,0.046128223650367464,0.03866981795686097,0.27573754392216104,0.2476681228071894,0.550561797752809,0.449438202247191,0.6067415730337079,0.39325842696629215,0.046128223650367464,0.03866981795686097,-0.011322336095823617,0.10420280911516197,-0.013490506207693933,0.0926361220994907,0.101123595505618,0.21348314606741575,0.6929148220256136,0.04199736341736703
dns_p808,6,74,0.20559791200494543,0.182144299626648,0.16416239905962907,0.24567625249045472,0.14762761406426597,0.22245644367030373,0.09002250376035437,0.10369012374048778,0.2616683446283472,0.22560879803224448,0.6081081081081081,0.3918918918918919,0.6756756756756757,0.32432432432432434,0.09002250376035437,0.10369012374048778,0.03145161602792881,0.14734738312170748,0.0553966286927898,0.1575494614731317,0.21621621621621623,0.3513513513513513,0.4809569505561233,-0.08234906231931995
dns_p808,8,49,0.20479108056966586,0.17187096689404174,0.16023159600356462,0.2519680003361783,0.12801345725639282,0.21711493813911426,0.0403078943381063,0.08696889826512982,0.26747094532816285,0.22786341670352986,0.5102040816326531,0.4897959183673469,0.673469387755102,0.32653061224489793,0.0403078943381063,0.08696889826512982,-0.033238373269224714,0.11622347380209032,0.02923261396768259,0.1519376913818822,0.020408163265306145,0.3469387755102041,0.06979095420947433,-0.2649535496420831
utmos,2,94,0.3152144973292102,0.3711884291209921,0.24580056304176534,0.38323671030321355,0.2967785808012892,0.4523187170768563,-0.18158448553794296,-0.2778852352405994,0.44370288744223124,0.4630966270579815,0.4574468085106383,0.5425531914893617,0.2765957446808511,0.723404255319149,-0.18158448553794296,-0.2778852352405994,-0.27173838713319753,-0.10167390355824567,-0.37367702400938757,-0.18673097613027823,-0.08510638297872336,-0.4468085106382979,0.01147642089135089,0.2660056373601567
utmos,4,89,0.17527442956722775,0.19438106542696323,0.13360123799467527,0.22057488540544773,0.15363919897952463,0.24017842421072386,-0.06239178247827468,-0.10317606065501463,0.27528749391410584,0.275460144405699,0.47191011235955055,0.5280898876404494,0.3146067415730337,0.6853932584269663,-0.06239178247827468,-0.10317606065501463,-0.12015968308052447,-0.007785128781384694,-0.15998589982040395,-0.043700307947551316,-0.05617977528089885,-0.3707865168539326,0.1327220836550566,0.16085585557383053
utmos,6,74,0.18431097177836525,0.18543199193499613,0.1375870611721201,0.23249505492141362,0.1424179380479178,0.22988446718531663,-0.09296777449458475,-0.11273597694046253,0.2670958259600811,0.24970255854198695,0.3108108108108108,0.6891891891891891,0.22972972972972974,0.7702702702702703,-0.09296777449458475,-0.11273597694046253,-0.15428928363327088,-0.03641127442515896,-0.1712270015412951,-0.05357757194492739,-0.37837837837837834,-0.5405405405405406,0.4978732164872437,0.0791928845386558
utmos,8,49,0.17699360164518513,0.16620525640792966,0.1255135817868661,0.23245065000328638,0.12107056529343542,0.2182531183201575,-0.080193676085621,-0.1294026718541408,0.2546078629785403,0.21526969974031987,0.3469387755102041,0.6530612244897959,0.24489795918367346,0.7551020408163265,-0.080193676085621,-0.1294026718541408,-0.14826259164280234,-0.012452729297323249,-0.18994987093210794,-0.07090267247339693,-0.3061224489795918,-0.510204081632653,0.15240427875598145,0.20774008296846225
utmosv2,2,94,0.38684000340137964,0.5151919123612642,0.33111555340605225,0.4457065811595131,0.442956015685947,0.5906532628142347,-0.2726394913527208,-0.4601467031943821,0.40154868520262077,0.4316194610900949,0.2978723404255319,0.7021276595744681,0.11702127659574468,0.8829787234042553,-0.2726394913527208,-0.4601467031943821,-0.3561750425733094,-0.19561883283570042,-0.5548885445641314,-0.37584240250563844,-0.4042553191489362,-0.7659574468085106,1.7747213391294518e-07,0.582308294379304
utmosv2,4,89,0.2921649765427171,0.4066320871700045,0.24765274861555417,0.34578521434204074,0.3469593606398593,0.46271261795317714,-0.09446135100773537,-0.29979732455579416,0.366844463825005,0.39378077617487955,0.4157303370786517,0.5842696629213483,0.16853932584269662,0.8314606741573034,-0.09446135100773537,-0.29979732455579416,-0.17557052697955589,-0.025440329864569282,-0.3739714831937377,-0.22304634596251618,-0.1685393258426966,-0.6629213483146068,2.9614336941032562e-08,0.6449770737452838
utmosv2,6,74,0.3031589708925523,0.31980601472548204,0.2537821010119698,0.358926957172944,0.2683820520305004,0.379236471842027,-0.040673640487792484,-0.16662033815978078,0.3820867604515386,0.36188207439638354,0.47297297297297297,0.527027027027027,0.2972972972972973,0.7027027027027027,-0.040673640487792484,-0.16662033815978078,-0.13234693851676535,0.040487465034585314,-0.2575892582263049,-0.0880086962131624,-0.054054054054054,-0.40540540540540543,0.00012625621221262244,0.47080006854780393
utmosv2,8,49,0.3200923926184856,0.3038699171795395,0.2511145298373122,0.39279883981801367,0.23917133617416747,0.3727623433644591,-0.04473791264108066,-0.15463894539881456,0.4065716048915627,0.35261768265814947,0.5102040816326531,0.4897959183673469,0.3673469387755102,0.6326530612244898,-0.04473791264108066,-0.15463894539881456,-0.16437287410974738,0.06648528955020098,-0.2546519428877526,-0.05337253560004558,0.020408163265306145,-0.2653061224489796,0.0050296401898745,0.42006424162805445
plcmos,2,94,0.596770318923705,0.6599277293346971,0.506648580094647,0.688558233546735,0.5365627561455792,0.7865729897181671,0.24589127040893344,-0.2191665916669819,0.7154575998989672,0.8681502043976348,0.5851063829787234,0.4148936170212766,0.35106382978723405,0.648936170212766,0.24589127040893344,-0.2191665916669819,0.0962595158637379,0.39506343254289333,-0.400187746183053,-0.03900257588975219,0.17021276595744683,-0.2978723404255319,3.1460321314880425e-11,0.7771046610899999
plcmos,4,89,0.5248042961443101,0.47442868336722055,0.44594922656259517,0.61331082481804,0.3719541140423792,0.5789522092639094,0.3034172027454571,-0.12346258137291116,0.6059453333205074,0.6708419432587287,0.6966292134831461,0.30337078651685395,0.4157303370786517,0.5842696629213483,0.3034172027454571,-0.12346258137291116,0.18692024777740404,0.42463481503202455,-0.2652260069549823,0.010076701730310975,0.39325842696629215,-0.1685393258426966,4.461245250819634e-12,0.848857939784064
plcmos,6,74,0.5380532317825084,0.4605368404885035,0.4488214423914795,0.6334855226107311,0.36827570661919673,0.5586732411445504,0.2835540035305873,-0.07780658712353088,0.6229391592308471,0.6183210274259017,0.6756756756756757,0.32432432432432434,0.3918918918918919,0.6081081081081081,0.2835540035305873,-0.07780658712353088,0.13582644284596382,0.4190370257854021,-0.21170412207735378,0.056511102730075584,0.3513513513513513,-0.21621621621621623,6.076607620900062e-08,0.7013694561573254
plcmos,8,49,0.5084459077998288,0.49356501105183237,0.4094407007548371,0.6168077299331759,0.35415353815770445,0.6473196737437097,0.19541105786148377,-0.14022327570811904,0.6018642182398497,0.7017262114820373,0.5918367346938775,0.40816326530612246,0.40816326530612246,0.5918367346938775,0.19541105786148377,-0.14022327570811904,0.01963091868820192,0.3635049862824895,-0.3455778801023506,0.04394855838792438,0.18367346938775508,-0.18367346938775508,0.0003060266035291785,0.5560301131477379
nisqa_mos_pred,2,94,0.5355403209245991,0.5629191861100292,0.45330936208737876,0.6375433267698445,0.46608865640062436,0.658756664323042,-0.1265814030087932,-0.37858369928144636,0.7118918282932456,0.6390324059866608,0.4148936170212766,0.5851063829787234,0.30851063829787234,0.6914893617021277,-0.1265814030087932,-0.37858369928144636,-0.27230590810243416,0.014025538950066054,-0.5088574531445388,-0.25124403553279817,-0.17021276595744683,-0.3829787234042554,3.0000736235324625e-05,0.4527354429708338
nisqa_mos_pred,4,89,0.4294555991034764,0.4716087162970721,0.35103023416645496,0.5081600311733061,0.39075933461800805,0.556364029802052,0.08005024421230388,-0.011407455607370196,0.5640038348974324,0.6211344005125851,0.5168539325842697,0.48314606741573035,0.4943820224719101,0.5056179775280899,0.08005024421230388,-0.011407455607370196,-0.03607674693958302,0.19473709356709476,-0.1315094158308915,0.12554043946735313,0.03370786516853935,-0.011235955056179803,0.08240863558979737,0.18623381857246893
nisqa_mos_pred,6,74,0.466712096612021,0.4851209663075446,0.392664830443167,0.538070210803801,0.40601065111227547,0.571099652742574,0.044616610510502204,0.04148680199102189,0.5850636774098442,0.6097292341475989,0.4864864864864865,0.5135135135135135,0.5540540540540541,0.44594594594594594,0.044616610510502204,0.04148680199102189,-0.08324129678156117,0.18035116865891307,-0.09571325583505796,0.17965154580672413,-0.027027027027026973,0.10810810810810811,0.9498671616099217,0.007334079406075418
nisqa_mos_pred,8,49,0.44130181120161294,0.39754833794843847,0.3519165772751417,0.5479488706944879,0.30474720714909515,0.48744808263675504,0.056221540888140714,0.10854723280389268,0.5734122914182139,0.5128593801292161,0.46938775510204084,0.5306122448979592,0.5918367346938775,0.40816326530612246,0.056221540888140714,0.10854723280389268,-0.10204365174967336,0.2136691901291474,-0.044624983572442975,0.2440230027970868,-0.06122448979591838,0.18367346938775508,0.2524394731575639,-0.16548305633332885
nisqa_noi_pred,2,94,0.39478747048184853,0.36383606633660853,0.31878275911213183,0.4748108588802725,0.29356751584607166,0.4359750209023996,0.17658727212888523,0.03689663963603888,0.5386812871393812,0.5260611164953275,0.6595744680851063,0.3404255319148936,0.5638297872340425,0.43617021276595747,0.17658727212888523,0.03689663963603888,0.06785914510950708,0.29137590522224915,-0.07028723693566026,0.14302144544133039,0.3191489361702127,0.12765957446808507,2.7095692524619343e-05,0.45549069475482157
nisqa_noi_pred,4,89,0.36452638702720486,0.31275635848519356,0.29528587584374827,0.43657207359044553,0.24901433441976056,0.3843636646572283,0.17543712205487913,0.1271628706572819,0.47297150424650014,0.4376213628756316,0.7078651685393258,0.29213483146067415,0.6179775280898876,0.38202247191011235,0.17543712205487913,0.1271628706572819,0.07635781750258464,0.2671976868251317,0.04558111972080422,0.21898995140623462,0.41573033707865165,0.23595505617977525,0.14116880982480448,0.15738905278041235
nisqa_noi_pred,6,74,0.319684447381598,0.3021852828988445,0.25402486451244316,0.39099021548849866,0.23886641953631768,0.37465401859815506,0.18327938599098928,0.10597112340090194,0.40382542306040575,0.41507510630331285,0.7162162162162162,0.28378378378378377,0.6216216216216216,0.3783783783783784,0.18327938599098928,0.10597112340090194,0.0964323115978148,0.2782252603899827,0.013381762663665501,0.21240490047200644,0.43243243243243246,0.2432432432432432,0.04440847130406658,0.23778599506733283
nisqa_noi_pred,8,49,0.3083955656992647,0.22833893239698425,0.24041414445818918,0.3864286703854719,0.17616750983850019,0.27925832845809834,0.1325029247452534,0.08792943466335952,0.3916275350664352,0.2819896989332805,0.673469387755102,0.32653061224489793,0.6530612244897959,0.3469387755102041,0.1325029247452534,0.08792943466335952,0.02412197195160199,0.2375957934234867,0.0052188113836192105,0.16120351928014254,0.3469387755102041,0.3061224489795918,0.2809176683367917,0.15579208557438382
nisqa_dis_pred,2,94,1.2168446696742745,0.7345938885210928,0.9817705973702051,1.4731138676550106,0.6033875398837601,0.8614069792658081,-0.9023393284079663,-0.4101536953122272,1.4330001637103635,0.9036647713629944,0.2553191489361702,0.7446808510638298,0.3404255319148936,0.6595744680851063,-0.9023393284079663,-0.4101536953122272,-1.202825905496846,-0.61459239534031,-0.5982609517151021,-0.2370022735855043,-0.48936170212765956,-0.3191489361702127,0.0013492821102769074,-0.34090189864929143
nisqa_dis_pred,4,89,0.7863414737647969,0.6051418971759329,0.6129772299364326,0.9792481718442428,0.48663515994710815,0.7317186132105005,-0.26503299064334124,-0.042820243396288114,1.147877073624972,0.847402061206861,0.5056179775280899,0.4943820224719101,0.48314606741573035,0.5168539325842697,-0.26503299064334124,-0.042820243396288114,-0.4951119528818359,-0.0409209163451252,-0.22070516978775584,0.12274357835260803,0.011235955056179803,-0.03370786516853935,0.0707846195255415,-0.19387512615600452
nisqa_dis_pred,6,74,0.8289659433103236,0.554689414361705,0.6325228220076873,1.0438940521080964,0.4343166500918706,0.6754175388339442,-0.24299375627957734,-0.03511124529073066,1.2329272731549954,0.7834061754523101,0.5,0.5,0.5,0.5,-0.24299375627957734,-0.03511124529073066,-0.5310687366699558,0.047045062819586106,-0.20876152672461484,0.1406593789074691,0.0,0.0,0.11130630090233415,-0.18737575785656307
nisqa_dis_pred,8,49,0.5395559653005935,0.5042934703608046,0.3821821558591274,0.7095697268319712,0.37107641615664194,0.6563514652190936,-0.0684696853468627,-0.04065111513734196,0.8102505369957337,0.7413428419011437,0.4897959183673469,0.5102040816326531,0.5510204081632653,0.4489795918367347,-0.0684696853468627,-0.04065111513734196,-0.28877793707123894,0.1495036311643641,-0.24369946610911938,0.15846021666300908,-0.020408163265306145,0.10204081632653056,0.8219069273612242,-0.032332653418767655
se_si_snr,2,94,5.859910066731261,7.476113314468116,4.286217483729417,7.636941444814283,5.0415332584701,10.244552710875334,0.14418262910340746,-4.133567231783274,10.446627760350234,13.866323740485358,0.6382978723404256,0.3617021276595745,0.43617021276595747,0.5638297872340425,0.14418262910340746,-4.133567231783274,-2.065094474644089,2.143291201063457,-7.197940293754063,-1.519650363571682,0.2765957446808511,-0.12765957446808507,0.0008926097134117556,0.3540967507877764
se_si_snr,4,89,4.661829405357614,4.155259819124307,3.3934950916357884,6.056549180319888,2.820620729098032,5.5906593836457334,1.9422481285673654,-1.6170248878526101,7.650115672285268,7.807621814869017,0.6629213483146067,0.33707865168539325,0.4044943820224719,0.5842696629213483,1.9422481285673654,-1.6170248878526101,0.36054543502923664,3.6849259643905263,-3.327792706275462,0.0011294085240435045,0.32584269662921345,-0.1797752808988764,8.052157483559662e-06,0.5028162687338064
se_si_snr,6,74,5.413183900423435,5.068671184702842,3.8449963013318156,7.144510854378545,3.273379138535827,7.136903790986976,2.3063319488238996,-1.3968506499722197,8.869393703950472,9.469588593294484,0.6891891891891891,0.3108108108108108,0.40540540540540543,0.5945945945945946,2.3063319488238996,-1.3968506499722197,0.27918798248884524,4.359962735182806,-3.712375062773837,0.6132746253826578,0.37837837837837834,-0.1891891891891892,1.6163360944067848e-06,0.6068625359219412
se_si_snr,8,49,5.975664732544336,4.62625489693354,3.8265881082379676,8.260020855299986,2.694639886482487,7.139708609155516,-0.09441987786778851,-2.561469263067481,9.805650027146182,9.009367447082212,0.5510204081632653,0.4489795918367347,0.3877551020408163,0.6122448979591837,-0.09441987786778851,-2.561469263067481,-2.9482980090197497,2.4899389721235177,-5.283324739688215,-0.16739829772442616,0.10204081632653056,-0.22448979591836737,0.05432156081521521,0.2817935587093879
se_sdr,2,94,7.015712041111627,6.35895278267059,5.206776635990984,9.060949335451914,4.429123773289966,8.66521228762578,-0.3712299575450991,-2.847480373187767,11.680897453597195,12.087081230110453,0.5638297872340425,0.43617021276595747,0.5106382978723404,0.48936170212765956,-0.3712299575450991,-2.847480373187767,-2.805207765767748,1.966907260901179,-5.620147375713454,-0.3824685151252545,0.12765957446808507,0.021276595744680826,0.02975255022081256,0.22766680749343213
se_sdr,4,89,5.517715772510999,4.594368201894429,3.912172428138031,7.343214717702927,3.1911309815810767,6.112816951969155,2.3766207437822358,-1.0792913412367193,9.52772239883509,8.661707213999964,0.6292134831460674,0.3707865168539326,0.43820224719101125,0.5617977528089888,2.3766207437822358,-1.0792913412367193,0.41108516040795884,4.393682406449233,-2.831436629766195,0.5462108621879818,0.2584269662921348,-0.12359550561797755,0.0015930940793258163,0.34538984946242096
se_sdr,6,74,5.605725817291464,5.054472639506715,3.9585389211175697,7.255808328375159,3.455339672630308,6.661396442609472,2.814101344566325,-1.2349485817118926,8.929318811207496,8.851306770083061,0.6486486486486487,0.35135135135135137,0.33783783783783783,0.6621621621621622,2.814101344566325,-1.2349485817118926,0.8514268954287131,4.8638429322998125,-3.3145293999622623,0.7695212296300477,0.2972972972972973,-0.32432432432432434,0.00011633642203442393,0.4735250387348422
se_sdr,8,49,5.794796357877927,5.906952037411849,3.732840325303449,8.034166755943582,3.8392506580301693,8.579999236869702,1.0993519968813958,-1.8554239660453151,9.815147114894927,10.32699771393603,0.5714285714285714,0.42857142857142855,0.32653061224489793,0.673469387755102,1.0993519968813958,-1.8554239660453151,-1.6853767112832194,3.7773718973185058,-4.802277613390986,1.0568013697617935,0.14285714285714285,-0.3469387755102041,0.040209462149218084,0.30125075780311217
asr_match_error_rate,2,30,0.08109164223503697,0.06237018104782236,0.022368261999180197,0.15868988184751154,0.01916891859819821,0.1139761681669006,-0.08109164223503697,-0.04775830890170364,0.19107828050679276,0.14692509054075314,0.0,0.43333333333333335,0.03333333333333333,0.4,-0.08109164223503697,-0.04775830890170364,-0.16085061700114073,-0.02058178174079354,-0.10321816728182444,-0.007077529204352945,-0.43333333333333335,-0.3666666666666667,0.32558198801619365,-0.1825741858350554
asr_match_error_rate,4,25,0.07247292093933425,0.07247292093933425,0.015443658380438926,0.1559118626840442,0.012782472633561113,0.15145009387144548,-0.07247292093933425,-0.07247292093933425,0.18501883431859836,0.18501883431859836,0.0,0.44,0.0,0.44,-0.07247292093933425,-0.07247292093933425,-0.15558262629473307,-0.015124729294735694,-0.15494758595251013,-0.013851455910223933,-0.44,-0.44,1.0,0.0
asr_match_error_rate,6,18,0.016455012912402138,0.016455012912402138,0.0021075563501656257,0.03507977128782384,0.0027616121125010056,0.033779313143989416,-0.016455012912402138,-0.016455012912402138,0.035654303274569275,0.035654303274569275,0.0,0.3333333333333333,0.0,0.3333333333333333,-0.016455012912402138,-0.016455012912402138,-0.035151025284769155,-0.0027622959381621557,-0.03451848842164435,-0.002441839844765909,-0.3333333333333333,-0.3333333333333333,1.0,0.0
asr_match_error_rate,8,9,0.01691490982968829,0.01691490982968829,0.0013071895424836444,0.04572769480228303,0.0011574074074074,0.04266395532247287,-0.01691490982968829,-0.01691490982968829,0.03869359046047241,0.03869359046047241,0.0,0.4444444444444444,0.0,0.4444444444444444,-0.01691490982968829,-0.01691490982968829,-0.043319839727224106,-0.0013071895424836444,-0.04397343449846593,-0.0013071895424836444,-0.4444444444444444,-0.4444444444444444,1.0,0.0
speech_bert,2,68,0.04859099549278982,0.050820705778993565,0.03928684173972501,0.05810746513923131,0.040950178262572294,0.06146151894840351,-0.009802141958817257,-0.031165066728939986,0.06238108028271504,0.06072787567793225,0.39705882352941174,0.6029411764705882,0.29411764705882354,0.7058823529411765,-0.009802141958817257,-0.031165066728939986,-0.0241702855914697,0.004827259852778214,-0.04591967423371449,-0.0166417355512984,-0.20588235294117646,-0.411764705882353,0.0033444275959780318,0.3690114322267162
speech_bert,4,63,0.03379619390564632,0.03672766842790118,0.026305203010689795,0.04163079741320368,0.026686121953972186,0.047237380381473806,-0.0005136872368347532,-0.010951549880567103,0.04631874383966466,0.05593865025389758,0.47619047619047616,0.5238095238095238,0.5238095238095238,0.47619047619047616,-0.0005136872368347532,-0.010951549880567103,-0.012157989063507308,0.010268355546470608,-0.025174567030433248,0.0029097617004032557,-0.04761904761904767,0.04761904761904767,0.12539982166870983,0.195719457399858
speech_bert,6,50,0.02991894130725931,0.02544469292862821,0.022850665040523604,0.03740613061261459,0.018797115568894386,0.033332128978158515,0.002612243996087823,-0.002706534024702047,0.04057802996615592,0.037863235479021026,0.42,0.58,0.52,0.48,0.002612243996087823,-0.002706534024702047,-0.008855113733604699,0.013424297208766884,-0.012320644795655256,0.007666250233908666,-0.15999999999999998,0.040000000000000036,0.4387864401379308,0.11039502386170588
speech_bert,8,29,0.026736027397717778,0.03120616848920119,0.01831189584775796,0.0366011606146301,0.02065304804873448,0.04313804102813143,-0.0014287683214610901,0.0018478178974664083,0.03811232235466217,0.04526644107908249,0.4482758620689655,0.5517241379310345,0.5517241379310345,0.4482758620689655,-0.0014287683214610901,0.0018478178974664083,-0.014387294633156366,0.012242214955784678,-0.013937211107669555,0.018725596403600088,-0.10344827586206895,0.10344827586206895,0.6661636994679501,-0.08096736835216949
spk_similarity,2,68,0.2355826272938528,0.1719294326783444,0.18991043871409796,0.2855503868479828,0.13867321197107468,0.2089147871885003,-0.2118590708587768,-0.11238586114402127,0.22802862914901084,0.1987879596422116,0.17647058823529413,0.8235294117647058,0.27941176470588236,0.7205882352941176,-0.2118590708587768,-0.11238586114402127,-0.2679140453207996,-0.16053462065495291,-0.16040017401402562,-0.06767124016859255,-0.6470588235294117,-0.4411764705882353,0.00013051864969198534,-0.49243491314001253
spk_similarity,4,63,0.11225625431047571,0.13337416877723574,0.08755454382789463,0.1401357087720173,0.10650202719524585,0.165250805158801,-0.013685804605834533,-0.01810099578586584,0.15258978882003044,0.17865012915273035,0.49206349206349204,0.5079365079365079,0.5079365079365079,0.49206349206349204,-0.013685804605834533,-0.01810099578586584,-0.05071493527919104,0.023158349633111194,-0.06664143329691885,0.024765422568230413,-0.015873015873015872,0.015873015873015872,0.8000152895688326,0.03205354044497816
spk_similarity,6,50,0.10115527720861683,0.13177139627025586,0.07441482059359444,0.12932289800576433,0.10567901911327292,0.1585893066977968,-0.010234088058626911,0.004528240619937831,0.14385716942773155,0.1645034175291649,0.44,0.56,0.56,0.44,-0.010234088058626911,0.004528240619937831,-0.051084760604128227,0.02836305480833129,-0.03790997661852523,0.049557526896363384,-0.12000000000000005,0.12000000000000005,0.4612184027090841,-0.10503146993082531
spk_similarity,8,29,0.11757637243272884,0.12665155051895896,0.08472274795810023,0.15529710675577746,0.09217322893042733,0.16214428093647784,-0.013642534229003066,0.013265994582229329,0.15776812172727533,0.1620186754499449,0.4482758620689655,0.5517241379310345,0.5517241379310345,0.4482758620689655,-0.013642534229003066,0.013265994582229329,-0.06679284695927455,0.04346543821649903,-0.04452494630280603,0.0709782642246387,-0.10344827586206895,0.10344827586206895,0.3504777540539751,-0.17632243926375152
